Lap,Driver,Time,Sector
71,HAM,17.33433367,1
71,NOR,17.323,1
71,HAM,30.43433367,2
71,NOR,29.982,2
71,HAM,20.43433367,3
71,NOR,20.17,3