Team,Gap
Aston Martin,0.949869048
Ferrari,0
Haas F1 Team,1.268716749
McLaren,0.933285714
RB,2.186003106
Red Bull Racing,0.656428571
Williams,0.896535714