Team,0
Alpine,1.2765552537595728
Aston Martin,1.2024100168019534
Ferrari,0.3080233495981588
Haas F1 Team,1.2957414537162701
Kick Sauber,1.6326438624186796
McLaren,0.08444755747126464
Mercedes,0.2801248421354832
RB,1.275779795873575
Red Bull Racing,0.07064546498278428
Williams,1.400376188425999
