Team,Gap
Alpine,1.622390869
Aston Martin,2.611666667
Ferrari,0
Haas F1 Team,3.925631632
Kick Sauber,2.880088907
McLaren,0.895584249
Mercedes,1.899476457
RB,3.159572344
Red Bull Racing,0.179481571
Williams,2.985250525